{
    "R2": -0.95827454213234,
    "MSE": 279.44230093528705,
    "MAE": 13.590766788766793
}