Actual,Predicted
36,40.017825396825394
25,25.347333333333328
42,13.142222222222221
39,40.34622222222223
44,49.48701587301588
54,26.36426984126984
12,30.485
27,45.32577777777778
14,36.93244444444446
32,30.946666666666665
33,15.113222222222223
20,33.669
43,26.36426984126984
