Actual,Predicted
36,42.30337037037038
25,36.019888888888886
42,20.862666666666666
39,44.029666666666664
44,49.36868253968254
54,49.91284126984127
12,29.988666666666667
27,45.33777777777778
14,37.33339682539684
32,33.82311111111112
33,12.092444444444446
20,35.43077777777778
43,49.91284126984127
