{
    "R2": -0.40664893351447673,
    "MSE": 200.72630580257467,
    "MAE": 12.129248270248272
}