R2,MSE,MAE
-0.40664893351447673,200.72630580257467,12.129248270248272
