R2,MSE,MAE
-0.95827454213234,279.44230093528705,13.590766788766793
